PKLT_CD,PKLT_NM,ADDR,PKLT_TYPE,PRK_TYPE_NM,OPER_SE,OPER_SE_NM,TELNO,PRK_STTS_YN,PRK_STTS_NM,TPKCT,NOW_PRK_VHCL_CNT,NOW_PRK_VHCL_UPDT_TM,PAY_YN,PAY_YN_NM,NGHT_PAY_YN,NGHT_PAY_YN_NM,WD_OPER_BGNG_TM,WD_OPER_END_TM,WE_OPER_BGNG_TM,WE_OPER_END_TM,LHLDY_OPER_BGNG_TM,LHLDY_OPER_END_TM,SAT_CHGD_FREE_SE,SAT_CHGD_FREE_NM,LHLDY_CHGD_FREE_SE,LHLDY_CHGD_FREE_SE_NAME,PRD_AMT,STRT_PKLT_MNG_NO,BSC_PRK_CRG,BSC_PRK_HR,ADD_PRK_CRG,ADD_PRK_HR,BUS_BSC_PRK_CRG,BUS_BSC_PRK_HR,BUS_ADD_PRK_HR,BUS_ADD_PRK_CRG,DAY_MAX_CRG,SHRN_PKLT_MNG_NM,SHRN_PKLT_MNG_URL,SHRN_PKLT_YN,SHRN_PKLT_ETC
171721,세종로 공영주차장(시),종로구 세종로 80-1,NW,노외 주차장,1,시간제 주차장,02-2290-6566,1,현재~20분이내 연계데이터 존재(현재 주차대수 표현),1260.0,619.0,2025-06-02 16:56:30,Y,유료,N,야간 미개방,0000,2400,0000,2400,0000,2400,N,무료,N,무료,176000,,430.0,5.0,430.0,5.0,0.0,0.0,0.0,0.0,30900.0,*,*,N,*
171730,종묘주차장 공영주차장(시),종로구 훈정동 2-0,NW,노외 주차장,1,시간제 주차장,02-2290-6166,1,현재~20분이내 연계데이터 존재(현재 주차대수 표현),1317.0,1194.0,2025-06-02 16:56:30,Y,유료,N,야간 미개방,0000,2400,0000,2400,0000,2400,N,무료,N,무료,175000,,400.0,5.0,400.0,5.0,0.0,0.0,0.0,0.0,28800.0,*,*,N,*
171900,훈련원공원 공영주차장(시),중구 을지로5가 40-3,NW,노외 주차장,1,시간제 주차장,02-3405-4597,1,현재~20분이내 연계데이터 존재(현재 주차대수 표현),873.0,631.0,2025-06-02 16:56:30,Y,유료,N,야간 미개방,0000,2400,0000,2400,0000,2400,N,무료,N,무료,176000,,550.0,5.0,550.0,5.0,0.0,0.0,0.0,0.0,39600.0,*,*,N,*
172051,한강진역 공영주차장(시),용산구 한남동 728-27,NW,노외 주차장,1,시간제 주차장,02-795-6406,1,현재~20분이내 연계데이터 존재(현재 주차대수 표현),174.0,122.0,2025-06-02 16:56:30,Y,유료,N,야간 미개방,0000,2400,0000,2400,0000,2400,N,무료,N,무료,168000,,400.0,5.0,400.0,5.0,0.0,0.0,0.0,0.0,28800.0,*,*,N,*
172065,용산주차빌딩 공영주차장(시),용산구 한강로2가 12-9,NW,노외 주차장,1,시간제 주차장,02-2290-6014,1,현재~20분이내 연계데이터 존재(현재 주차대수 표현),561.0,292.0,2025-06-02 16:56:30,Y,유료,N,야간 미개방,0000,2400,0000,2400,0000,2400,N,무료,N,무료,168000,,300.0,5.0,300.0,5.0,0.0,0.0,0.0,0.0,21600.0,*,*,N,*
172382,봉화산역(남) 공영주차장(시),중랑구 신내동 647-0,NW,노외 주차장,1,시간제 주차장,,0,미연계중,85.0,0.0,,Y,유료,N,야간 미개방,0900,2200,0900,2200,0900,2200,N,무료,N,무료,42000,,80.0,5.0,80.0,5.0,0.0,0.0,0.0,0.0,5700.0,*,*,N,*
172605,우이동 공영주차장(시),강북구 우이동 105-2,NW,노외 주차장,1,시간제 주차장,02-944-3044,0,미연계중,82.0,0.0,2025-04-03 12:34:37,N,무료,N,야간 미개방,0000,2400,0000,2400,0000,2400,N,무료,N,무료,,,0.0,0.0,0.0,0.0,0.0,0.0,0.0,0.0,80000.0,*,*,N,*
172844,마포유수지(시),마포구 마포동 36-1,NW,노외 주차장,5,시간제 + 버스전용 주차장,02-2290-6093,1,현재~20분이내 연계데이터 존재(현재 주차대수 표현),503.0,330.0,2025-06-02 16:56:30,Y,유료,N,야간 미개방,0000,2400,0000,2400,0000,2400,N,무료,N,무료,162000,,220.0,5.0,220.0,5.0,0.0,0.0,0.0,0.0,15800.0,*,*,N,*
172935,웃우물 공영주차장(시),양천구 신정동 943-25,NW,노외 주차장,1,시간제 주차장,02-2290-6311,1,현재~20분이내 연계데이터 존재(현재 주차대수 표현),79.0,54.0,2025-06-02 16:56:30,Y,유료,N,야간 미개방,0000,2400,0000,2400,0000,2400,N,무료,N,무료,140000,,220.0,5.0,220.0,5.0,0.0,0.0,0.0,0.0,15800.0,*,*,N,*
172937,목동체비지 공영주차장(시),양천구 목동 908-26,NW,노외 주차장,1,시간제 주차장,,1,현재~20분이내 연계데이터 존재(현재 주차대수 표현),55.0,72.0,2025-06-02 16:56:30,Y,유료,N,야간 미개방,0800,2100,0800,2100,0800,2100,N,무료,N,무료,90000,,130.0,5.0,130.0,5.0,0.0,0.0,0.0,0.0,9300.0,*,*,N,*
172970,방화역(서) 공영주차장(시),강서구 방화동 829-1,NW,노외 주차장,1,시간제 주차장,,1,현재~20분이내 연계데이터 존재(현재 주차대수 표현),69.0,33.0,2025-06-02 16:56:30,Y,유료,N,야간 미개방,0800,2100,0800,2100,0800,2100,N,무료,N,무료,91000,,170.0,5.0,170.0,5.0,0.0,0.0,0.0,0.0,12200.0,*,*,N,*
172971,방화역(동) 공영주차장(시),강서구 방화동 830-4,NW,노외 주차장,1,시간제 주차장,,1,현재~20분이내 연계데이터 존재(현재 주차대수 표현),67.0,393.0,2025-06-02 16:56:30,Y,유료,N,야간 미개방,0800,2100,0800,2100,0800,2100,N,무료,N,무료,91000,,170.0,5.0,170.0,5.0,0.0,0.0,0.0,0.0,12200.0,*,*,N,*
172979,개화산역 공영주차장(시),강서구 방화동 845-0,NW,노외 주차장,1,시간제 주차장,02-2290-6064,1,현재~20분이내 연계데이터 존재(현재 주차대수 표현),321.0,264.0,2025-06-02 16:56:30,Y,유료,N,야간 미개방,0000,2400,0000,2400,0000,2400,N,무료,N,무료,91000,,170.0,5.0,170.0,5.0,0.0,0.0,0.0,0.0,12200.0,*,*,N,*
173005,가양3동 공영주차장(시),강서구 가양동 1488-12,NW,노외 주차장,1,시간제 주차장,,1,현재~20분이내 연계데이터 존재(현재 주차대수 표현),56.0,407.0,2025-06-02 16:56:30,Y,유료,N,야간 미개방,0900,1900,0900,1500,0000,0000,N,무료,Y,유료,140000,,200.0,5.0,200.0,5.0,0.0,0.0,0.0,0.0,14400.0,*,*,N,*
173047,가양역 공영주차장(시),강서구 가양동 1480-10,NW,노외 주차장,1,시간제 주차장,,1,현재~20분이내 연계데이터 존재(현재 주차대수 표현),79.0,60.0,2025-06-02 16:56:30,Y,유료,N,야간 미개방,0800,2100,0800,2100,0800,2100,N,무료,N,무료,140000,,260.0,5.0,260.0,5.0,0.0,0.0,0.0,0.0,18700.0,*,*,N,*
173424,일원역 공영주차장(시),강남구 일원동 716-2,NW,노외 주차장,1,시간제 주차장,,1,현재~20분이내 연계데이터 존재(현재 주차대수 표현),67.0,49.0,2025-06-02 16:56:30,Y,유료,N,야간 미개방,0900,1900,0900,1500,0000,0000,N,무료,Y,유료,70000,,170.0,5.0,170.0,5.0,0.0,0.0,0.0,0.0,12200.0,*,*,N,*
173452,사당노외 공영주차장(시),서초구 방배동 507-1,NW,노외 주차장,1,시간제 주차장,02-3405-4078,1,현재~20분이내 연계데이터 존재(현재 주차대수 표현),183.0,116.0,2025-06-02 16:56:30,Y,유료,N,야간 미개방,0000,2400,0000,2400,0000,2400,N,무료,N,무료,182000,,400.0,5.0,400.0,5.0,0.0,0.0,0.0,0.0,28800.0,*,*,N,*
173553,수서역북 공영주차장(시),강남구 수서동 735-0,NW,노외 주차장,1,시간제 주차장,02-3405-4076,1,현재~20분이내 연계데이터 존재(현재 주차대수 표현),561.0,456.0,2025-06-02 16:56:30,Y,유료,N,야간 미개방,0000,2400,0000,2400,0000,2400,N,무료,N,무료,168000,,320.0,5.0,320.0,5.0,0.0,0.0,0.0,0.0,23000.0,*,*,N,*
173646,신천유수지 공영주차장(시),송파구 신천동 14-0,NW,노외 주차장,1,시간제 주차장,02-414-6417,1,현재~20분이내 연계데이터 존재(현재 주차대수 표현),192.0,153.0,2025-06-02 16:56:30,Y,유료,N,야간 미개방,0000,2400,0000,2400,0000,2400,N,무료,N,무료,140000,,260.0,5.0,260.0,5.0,0.0,0.0,0.0,0.0,18700.0,*,*,N,*
173752,복정역 공영주차장(시),송파구 장지동 600-2,NW,노외 주차장,1,시간제 주차장,02-3405-4075,1,현재~20분이내 연계데이터 존재(현재 주차대수 표현),362.0,270.0,2025-06-02 16:56:30,Y,유료,N,야간 미개방,0000,2400,0000,2400,0000,2400,N,무료,N,무료,91000,,170.0,5.0,170.0,5.0,0.0,0.0,0.0,0.0,12200.0,*,*,N,*
173828,남산한옥마을 공영주차장(시),중구 필동2가 83-1,NW,노외 주차장,5,시간제 + 버스전용 주차장,,1,현재~20분이내 연계데이터 존재(현재 주차대수 표현),16.0,3.0,2025-06-02 16:56:33,Y,유료,N,야간 미개방,0900,2000,0900,2000,0900,2000,N,무료,N,무료,,,430.0,5.0,430.0,5.0,860.0,5.0,0.0,0.0,30900.0,*,*,N,*
173831,도봉산 공영주차장(시),도봉구 도봉동 282-26,NW,노외 주차장,1,시간제 주차장,,1,현재~20분이내 연계데이터 존재(현재 주차대수 표현),142.0,94.0,2025-06-02 16:56:30,Y,유료,N,야간 미개방,0800,2200,0800,2200,0800,2200,N,무료,N,무료,126000,,170.0,5.0,170.0,5.0,0.0,0.0,0.0,0.0,12200.0,*,*,N,*
173840,볕우물 공영주차장(시),강동구 암사동 473-3,NW,노외 주차장,1,시간제 주차장,02-2290-6410,1,현재~20분이내 연계데이터 존재(현재 주차대수 표현),96.0,77.0,2025-06-02 16:56:30,Y,유료,N,야간 미개방,0000,0000,0000,0000,0000,0000,Y,유료,Y,유료,90000,,130.0,5.0,130.0,5.0,0.0,0.0,0.0,0.0,9300.0,*,*,N,*
173867,천호역 공영주차장(시),강동구 천호동 455-0,NW,노외 주차장,1,시간제 주차장,02-2290-6201,1,현재~20분이내 연계데이터 존재(현재 주차대수 표현),1431.0,1132.0,2025-06-02 16:56:30,Y,유료,N,야간 미개방,0000,2400,0000,2400,0000,2400,N,무료,N,무료,140000,,260.0,5.0,260.0,5.0,0.0,0.0,0.0,0.0,18700.0,베스텔라랩,com.vestellalab.watchmilepublic,Y,*
881056,목동노외 공영주차장(시),양천구 목동 905-32,NW,노외 주차장,1,시간제 주차장,02-2664-1386,0,미연계중,48.0,0.0,,Y,유료,N,야간 미개방,0900,1900,0900,1500,0000,0000,N,무료,Y,유료,70000,,150.0,5.0,150.0,5.0,0.0,0.0,0.0,0.0,9000.0,*,*,N,*
1037932,구로디지털단지역 공영주차장(시),구로구 구로동 810-3,NW,노외 주차장,1,시간제 주차장,02-2290-6034,1,현재~20분이내 연계데이터 존재(현재 주차대수 표현),91.0,57.0,2025-06-02 16:56:30,Y,유료,N,야간 미개방,0000,2400,0000,2400,0000,2400,N,무료,N,무료,140000,,260.0,5.0,260.0,5.0,0.0,0.0,0.0,0.0,18700.0,*,*,N,*
1040225,논현로22길(시),강남구 개포동 1266-0,NW,노외 주차장,1,시간제 주차장,02-2176-0907,1,현재~20분이내 연계데이터 존재(현재 주차대수 표현),97.0,37.0,2024-08-27 19:02:01,Y,유료,N,야간 미개방,0000,2400,0000,2400,0000,2400,N,무료,N,무료,120000,,200.0,5.0,200.0,5.0,0.0,0.0,0.0,0.0,0.0,*,*,N,*
1051043,구파발역 공영주차장(시),은평구 진관동 66-30,NW,노외 주차장,1,시간제 주차장,02-2290-6088,1,현재~20분이내 연계데이터 존재(현재 주차대수 표현),399.0,370.0,2025-06-02 16:56:30,Y,유료,N,야간 미개방,0000,2400,0000,2400,0000,2400,N,무료,N,무료,91000,,170.0,5.0,170.0,5.0,0.0,0.0,0.0,0.0,12200.0,*,*,N,*
1163833,봉천복개3 공영주차장(시),관악구 신림동 1467-3,NS,노상 주차장,1,시간제 주차장,,1,현재~20분이내 연계데이터 존재(현재 주차대수 표현),1.0,31.0,2025-06-02 16:56:38,Y,유료,N,야간 미개방,0900,1900,0900,1500,0000,0000,N,무료,Y,유료,,1162010200001,220.0,5.0,220.0,5.0,0.0,0.0,0.0,0.0,0.0,*,*,N,*
1167546,독산동 금천교 공영주차장(시),금천구 독산동 1081-4,NS,노상 주차장,1,시간제 주차장,,1,현재~20분이내 연계데이터 존재(현재 주차대수 표현),1.0,15.0,2025-06-02 16:56:36,Y,유료,N,야간 미개방,0900,1900,0900,1500,0000,0000,N,무료,Y,유료,0,1154510200186,400.0,5.0,400.0,5.0,0.0,0.0,0.0,0.0,0.0,*,*,N,*
1208601,청계2(북2) 공영주차장(시),종로구 관수동 91-4,NS,노상 주차장,1,시간제 주차장,,1,현재~20분이내 연계데이터 존재(현재 주차대수 표현),1.0,4.0,2025-06-02 16:56:33,Y,유료,N,야간 미개방,0900,1900,0900,1500,0000,0000,N,무료,Y,유료,0,1111015500003,750.0,5.0,750.0,5.0,0.0,0.0,0.0,0.0,0.0,*,*,N,*
1210657,청계3(북1) 공영주차장(시),종로구 예지동 140-1,NS,노상 주차장,1,시간제 주차장,,1,현재~20분이내 연계데이터 존재(현재 주차대수 표현),1.0,11.0,2025-06-02 16:56:34,Y,유료,N,야간 미개방,0900,1900,0900,1500,0000,0000,N,무료,Y,유료,0,1111015800003,750.0,5.0,750.0,5.0,0.0,0.0,0.0,0.0,0.0,*,*,N,*
1234305,가마산고가밑 공영주차장(시),구로구 구로동 414-13,NS,노상 주차장,1,시간제 주차장,,1,현재~20분이내 연계데이터 존재(현재 주차대수 표현),1.0,17.0,2025-06-02 16:56:35,Y,유료,N,야간 미개방,0900,1900,0900,1500,0000,0000,N,무료,Y,유료,0,1153010200021,120.0,5.0,120.0,5.0,0.0,0.0,0.0,0.0,0.0,*,*,N,*
1235522,청계3(남) 공영주차장(시),중구 주교동 51-3,NS,노상 주차장,1,시간제 주차장,,0,미연계중,1.0,0.0,2024-10-15 13:06:14,Y,유료,N,야간 미개방,0900,1900,0900,1500,0000,0000,N,무료,Y,유료,0,1114015200211,750.0,5.0,750.0,5.0,0.0,0.0,0.0,0.0,0.0,*,*,N,*
1235665,청계6(청평화) 공영주차장(시),중구 신당동 217-91 0,NS,노상 주차장,1,시간제 주차장,02-2252-8036,1,현재~20분이내 연계데이터 존재(현재 주차대수 표현),1.0,3.0,2025-06-02 16:56:00,Y,유료,N,야간 미개방,0000,2400,0000,2400,0000,0000,N,무료,Y,유료,0,1114016200217,450.0,5.0,450.0,5.0,0.0,0.0,0.0,0.0,0.0,*,*,N,*
1236612,남대문 화물 공영주차장(시),중구 남대문로4가 24-1,NS,노상 주차장,1,시간제 주차장,,0,미연계중,1.0,0.0,2024-10-08 13:02:52,Y,유료,N,야간 미개방,0900,1900,0900,1900,0900,1900,N,무료,N,무료,,1114011700001,400.0,5.0,400.0,5.0,0.0,0.0,0.0,0.0,0.0,*,*,N,*
1247636,신설동 공영주차장(시),동대문구 신설동 114-29,NW,노외 주차장,1,시간제 주차장,02-2232-6096,1,현재~20분이내 연계데이터 존재(현재 주차대수 표현),79.0,61.0,2025-06-02 16:56:30,Y,유료,N,야간 미개방,0900,1900,0900,1900,0900,1900,N,무료,N,무료,,,260.0,5.0,260.0,5.0,0.0,0.0,0.0,0.0,18700.0,*,*,N,*
1277144,영등포구청역 공영주차장(시),영등포구 당산동3가 370-3,NW,노외 주차장,1,시간제 주차장,02-2290-6089,1,현재~20분이내 연계데이터 존재(현재 주차대수 표현),137.0,103.0,2025-06-02 16:56:30,Y,유료,N,야간 미개방,0500,0100,0500,0100,0500,0100,N,무료,N,무료,112000,,260.0,5.0,260.0,5.0,0.0,0.0,0.0,0.0,18700.0,*,*,N,*
1277145,잠실역 공영주차장(시),송파구 신천동 27-0,NW,노외 주차장,1,시간제 주차장,02-2290-6402,1,현재~20분이내 연계데이터 존재(현재 주차대수 표현),357.0,287.0,2025-06-02 16:56:30,Y,유료,N,야간 미개방,0500,0100,0500,0100,0500,0100,N,무료,N,무료,250000,,400.0,5.0,400.0,5.0,0.0,0.0,0.0,0.0,28800.0,*,*,N,*
1277146,장안2동 공영주차장(시),동대문구 장안동 286-9,NW,노외 주차장,1,시간제 주차장,02-2290-6417,1,현재~20분이내 연계데이터 존재(현재 주차대수 표현),80.0,72.0,2025-06-02 16:56:30,Y,유료,N,야간 미개방,0000,2400,0000,2400,0000,2400,N,무료,N,무료,70000,,130.0,5.0,130.0,5.0,0.0,0.0,0.0,0.0,9300.0,*,*,N,*
1277157,해방촌노외 공영주차장(시),용산구 용산동2가 1-1497,NW,노외 주차장,1,시간제 주차장,,0,미연계중,24.0,0.0,2024-02-20 18:29:05,Y,유료,N,야간 미개방,0900,2200,0900,2200,0900,2200,N,무료,N,무료,90000,,130.0,5.0,130.0,5.0,0.0,0.0,0.0,0.0,9300.0,*,*,N,*
1277160,당산노외 공영주차장(시),영등포구 당산동3가 2-1,NW,노외 주차장,1,시간제 주차장,1533-2315,1,현재~20분이내 연계데이터 존재(현재 주차대수 표현),236.0,85.0,2025-06-02 16:56:30,Y,유료,N,야간 미개방,0800,2100,0800,2100,0800,2100,N,무료,N,무료,140000,,260.0,5.0,260.0,5.0,0.0,0.0,0.0,0.0,18700.0,*,*,N,*
1277163,명일파출소 공영주차장(시),강동구 명일동 47-9,NW,노외 주차장,1,시간제 주차장,,1,현재~20분이내 연계데이터 존재(현재 주차대수 표현),11.0,8.0,2025-06-02 16:55:59,Y,유료,N,야간 미개방,0900,2000,0900,1500,0000,0000,N,무료,Y,유료,162000,,220.0,5.0,220.0,5.0,0.0,0.0,0.0,0.0,15800.0,*,*,N,*
1366527,동작대교 공영주차장(시),용산구 용산동6가 69-11,NW,노외 주차장,1,시간제 주차장,,1,현재~20분이내 연계데이터 존재(현재 주차대수 표현),88.0,55.0,2025-06-02 16:56:30,Y,유료,N,야간 미개방,0800,2200,0800,2200,0800,2200,N,무료,N,무료,70000,,120.0,5.0,120.0,5.0,0.0,0.0,0.0,0.0,8600.0,*,*,N,*
1366576,개화역 공영주차장(시),강서구 개화동 664-0,NW,노외 주차장,1,시간제 주차장,02-2290-6312,1,현재~20분이내 연계데이터 존재(현재 주차대수 표현),483.0,465.0,2025-06-02 16:56:30,Y,유료,N,야간 미개방,0000,2400,0000,2400,0000,2400,N,무료,N,무료,91000,,170.0,5.0,170.0,5.0,0.0,0.0,0.0,0.0,12200.0,*,*,N,*
1366590,신대방역 공영주차장(시),관악구 신림동 498-0,NW,노외 주차장,1,시간제 주차장,02-2290-6144,1,현재~20분이내 연계데이터 존재(현재 주차대수 표현),60.0,46.0,2025-06-02 16:56:30,Y,유료,N,야간 미개방,0000,2400,0000,2400,0000,2400,N,무료,N,무료,140000,,260.0,5.0,260.0,5.0,0.0,0.0,0.0,0.0,18700.0,*,*,N,*
1366593,구로디지털단지역(상) 공영주차장(시),관악구 신림동 1677-5,NW,노외 주차장,1,시간제 주차장,,1,현재~20분이내 연계데이터 존재(현재 주차대수 표현),31.0,14.0,2025-06-02 16:56:30,Y,유료,N,야간 미개방,0800,2100,0800,2100,0800,2100,N,무료,N,무료,140000,,260.0,5.0,260.0,5.0,0.0,0.0,0.0,0.0,18700.0,*,*,N,*
1366600,학여울 공영주차장(시),강남구 대치동 514-1,NW,노외 주차장,1,시간제 주차장,02-3405-4074,1,현재~20분이내 연계데이터 존재(현재 주차대수 표현),180.0,128.0,2025-06-02 16:56:30,Y,유료,N,야간 미개방,0500,0100,0500,0100,0500,0100,N,무료,N,무료,140000,,260.0,5.0,260.0,5.0,0.0,0.0,0.0,0.0,18700.0,*,*,N,*
1366602,일원터널 공영주차장(시),강남구 일원동 722-1,NW,노외 주차장,1,시간제 주차장,02-2290-6449,0,미연계중,11.0,0.0,,Y,유료,N,야간 미개방,0000,2400,0000,2400,0000,2400,N,무료,N,무료,70000,,130.0,5.0,130.0,5.0,0.0,0.0,0.0,0.0,0.0,*,*,N,*
1366624,창동역(서) 공영주차장(시),도봉구 창동 330-0,NW,노외 주차장,1,시간제 주차장,,1,현재~20분이내 연계데이터 존재(현재 주차대수 표현),106.0,73.0,2025-06-02 16:56:30,Y,유료,N,야간 미개방,0000,2400,0000,2400,0000,2400,N,무료,N,무료,140000,,260.0,5.0,260.0,5.0,0.0,0.0,0.0,0.0,18700.0,*,*,N,*
1366903,석계역 공영주차장(시),노원구 월계동 50-9,NW,노외 주차장,1,시간제 주차장,,1,현재~20분이내 연계데이터 존재(현재 주차대수 표현),70.0,69.0,2025-06-02 16:56:30,Y,유료,N,야간 미개방,0000,2400,0000,2400,0000,2400,N,무료,N,무료,140000,,260.0,5.0,260.0,5.0,0.0,0.0,0.0,0.0,18700.0,*,*,N,*
1367120,동구로 공영주차장(시),구로구 구로동 94-1,NW,노외 주차장,1,시간제 주차장,02-3405-4086,1,현재~20분이내 연계데이터 존재(현재 주차대수 표현),70.0,34.0,2025-06-02 16:56:30,Y,유료,N,야간 미개방,0000,2400,0000,2400,0000,2400,N,무료,N,무료,140000,,320.0,5.0,320.0,5.0,0.0,0.0,0.0,0.0,23000.0,*,*,N,*
1367264,적선동 주차장(시),종로구 적선동 140-0,NW,노외 주차장,4,버스전용 주차장,02-2264-4895,1,현재~20분이내 연계데이터 존재(현재 주차대수 표현),28.0,7.0,2025-06-02 16:56:30,Y,유료,N,야간 미개방,0900,1900,0900,1900,0900,1900,N,무료,N,무료,0,,8100.0,120.0,680.0,5.0,8100.0,120.0,680.0,5.0,0.0,*,*,N,*
1367564,해군본부앞 공영주차장(시),영등포구 신길동 812-0,NS,노상 주차장,1,시간제 주차장,,1,현재~20분이내 연계데이터 존재(현재 주차대수 표현),1.0,9.0,2025-06-02 16:56:38,Y,유료,N,야간 미개방,0900,1900,0900,1500,0000,0000,N,무료,Y,유료,,1156013200124,220.0,5.0,220.0,5.0,0.0,0.0,0.0,0.0,0.0,*,*,N,*
1367773,가산동 금천교 공영주차장(시),금천구 가산동 691-3,NS,노상 주차장,1,시간제 주차장,,1,현재~20분이내 연계데이터 존재(현재 주차대수 표현),1.0,24.0,2025-06-02 16:56:36,Y,유료,N,야간 미개방,0900,1900,0900,1500,0000,0000,N,무료,Y,유료,0,1154510100104,200.0,5.0,200.0,5.0,0.0,0.0,0.0,0.0,0.0,*,*,N,*
1367792,당산고가밑 공영주차장(시),영등포구 당산동5가 9-15,NS,노상 주차장,1,시간제 주차장,,1,현재~20분이내 연계데이터 존재(현재 주차대수 표현),1.0,17.0,2025-06-02 16:56:37,Y,유료,N,야간 미개방,0900,1900,0900,1500,0000,0000,N,무료,Y,유료,,1156011500013,260.0,5.0,260.0,5.0,0.0,0.0,0.0,0.0,0.0,*,*,N,*
1367804,을지로 공영주차장(시),중구 을지로3가 282-8,NS,노상 주차장,1,시간제 주차장,02-2274-2009,1,현재~20분이내 연계데이터 존재(현재 주차대수 표현),1.0,50.0,2025-06-02 16:56:30,Y,유료,N,야간 미개방,0900,1900,0900,1500,0000,0000,N,무료,Y,유료,,1114015500020,750.0,5.0,750.0,5.0,0.0,0.0,0.0,0.0,0.0,*,*,N,*
1368955,남산공원 소월로 관광버스전용 주차장(시),중구 남대문로5가 450-0,NS,노상 주차장,4,버스전용 주차장,02-2290-6449,1,현재~20분이내 연계데이터 존재(현재 주차대수 표현),1.0,9.0,2025-06-02 16:56:01,N,무료,N,야간 미개방,0000,0000,0000,0000,0000,0000,Y,유료,Y,유료,0,1114011800207,0.0,0.0,0.0,0.0,0.0,0.0,0.0,0.0,0.0,*,*,N,*
1369476,탑골공원 관광버스전용 주차장(시),종로구 종로2가 38-4,NS,노상 주차장,4,버스전용 주차장,02)2290-6449,1,현재~20분이내 연계데이터 존재(현재 주차대수 표현),1.0,1.0,2025-06-02 16:56:02,N,무료,N,야간 미개방,0000,0000,0000,0000,0000,0000,Y,유료,Y,유료,0,1111013800003,0.0,0.0,0.0,0.0,0.0,0.0,0.0,0.0,0.0,*,*,N,*
1372454,대림노외 공영주차장(시),구로구 구로동 120-3,NW,노외 주차장,1,시간제 주차장,,1,현재~20분이내 연계데이터 존재(현재 주차대수 표현),93.0,64.0,2025-06-02 16:56:36,Y,유료,N,야간 미개방,0900,1900,0900,1900,0900,1900,N,무료,N,무료,140000,,260.0,5.0,260.0,5.0,0.0,0.0,0.0,0.0,18700.0,*,*,N,*
1372873,도봉산역 공영주차장(시),도봉구 도봉동 288-19,NW,노외 주차장,1,시간제 주차장,02)2290-6047 ,1,현재~20분이내 연계데이터 존재(현재 주차대수 표현),358.0,360.0,2025-06-02 16:56:30,Y,유료,N,야간 미개방,0000,2400,0000,2400,0000,2400,N,무료,N,무료,91000,,170.0,5.0,170.0,5.0,0.0,0.0,0.0,0.0,12200.0,*,*,N,*
1384198,동대문 공영주차장(시),중구 신당동 251-7,NW,노외 주차장,1,시간제 주차장,02)2254-4901 ,1,현재~20분이내 연계데이터 존재(현재 주차대수 표현),1092.0,183.0,2025-06-02 16:56:30,Y,유료,N,야간 미개방,0000,2400,0000,2400,0000,2400,N,무료,N,무료,157000,,360.0,5.0,360.0,5.0,0.0,0.0,0.0,0.0,25900.0,*,*,N,*
1386536,서울글로벌센터 공영주차장(시),종로구 서린동 63-0,NW,노외 주차장,1,시간제 주차장,02-720-9862,1,현재~20분이내 연계데이터 존재(현재 주차대수 표현),44.0,27.0,2025-06-02 16:56:30,Y,유료,N,야간 미개방,0900,1800,0000,0000,0000,0000,Y,유료,Y,유료,280000,,700.0,5.0,700.0,5.0,0.0,0.0,0.0,0.0,50400.0,*,*,N,*
1404936,천왕역 공영주차장(시),구로구 천왕동 280-11,NW,노외 주차장,1,시간제 주차장,02-2290-6343,1,현재~20분이내 연계데이터 존재(현재 주차대수 표현),327.0,247.0,2025-06-02 16:56:30,Y,유료,N,야간 미개방,0000,2400,0000,2400,0000,2400,N,무료,N,무료,91000,,170.0,5.0,170.0,5.0,0.0,0.0,0.0,0.0,12200.0,*,*,N,*
1424461,DDP북측 마장로 관광버스전용 주차장(시),중구 신당동 222-3,NS,노상 주차장,4,버스전용 주차장,02-2290-6449,1,현재~20분이내 연계데이터 존재(현재 주차대수 표현),1.0,2.0,2025-06-02 16:56:01,N,무료,N,야간 미개방,0000,2400,0000,2400,0000,2400,N,무료,N,무료,0,1114016200222,0.0,0.0,0.0,0.0,0.0,0.0,0.0,0.0,0.0,*,*,N,*
1425816,동국제강 공영주차장(시),중구 삼각동 111-1,NW,노외 주차장,1,시간제 주차장,,1,현재~20분이내 연계데이터 존재(현재 주차대수 표현),13.0,5.0,2025-06-02 16:56:35,Y,유료,N,야간 미개방,0900,1900,0900,1900,0000,0000,N,무료,Y,유료,350000,,700.0,5.0,700.0,5.0,0.0,0.0,0.0,0.0,50400.0,*,*,N,*
1427633,DDP동측(양쪽) 관광버스전용 주차장(시),중구 을지로7가 2-36,NS,노상 주차장,4,버스전용 주차장,02-2290-6449,1,현재~20분이내 연계데이터 존재(현재 주차대수 표현),1.0,9.0,2025-06-02 16:56:01,N,무료,N,야간 미개방,0000,0000,0000,0000,0000,0000,Y,유료,Y,유료,0,1114014900221,0.0,0.0,0.0,0.0,0.0,0.0,0.0,0.0,0.0,*,*,N,*
1430035,남대문 초입 관광버스전용 주차장(시),중구 남창동 282-10,NS,노상 주차장,4,버스전용 주차장,02)2290-6449,1,현재~20분이내 연계데이터 존재(현재 주차대수 표현),1.0,3.0,2025-06-02 16:56:01,N,무료,N,야간 미개방,0000,2400,0000,2400,0000,2400,N,무료,N,무료,0,1114011200195,0.0,0.0,0.0,0.0,0.0,0.0,0.0,0.0,0.0,*,*,N,*
1430042,남대문 시장 관광버스전용 주차장(시),중구 남창동 51-4,NS,노상 주차장,4,버스전용 주차장,02)2290-6449,1,현재~20분이내 연계데이터 존재(현재 주차대수 표현),1.0,3.0,2025-06-02 16:56:01,N,무료,N,야간 미개방,0000,0000,0000,0000,0000,0000,Y,유료,Y,유료,0,1114011200203,0.0,0.0,0.0,0.0,0.0,0.0,0.0,0.0,0.0,*,*,N,*
1437917,영남 공영주차장(시),영등포구 영등포동4가 123-0,NW,노외 주차장,1,시간제 주차장,02-1588-1054,1,현재~20분이내 연계데이터 존재(현재 주차대수 표현),570.0,349.0,2025-06-02 16:56:30,Y,유료,N,야간 미개방,0000,2400,0000,2400,0000,2400,N,무료,N,무료,110000,,160.0,5.0,160.0,5.0,0.0,0.0,0.0,0.0,11500.0,*,*,N,*
1451364,청계7가 공영주차장(시),종로구 창신동 436-87,NS,노상 주차장,1,시간제 주차장,,1,현재~20분이내 연계데이터 존재(현재 주차대수 표현),1.0,14.0,2025-06-02 16:56:32,Y,유료,N,야간 미개방,0900,1900,0900,1500,0000,0000,N,무료,Y,유료,0,1111017400026,450.0,5.0,450.0,5.0,0.0,0.0,0.0,0.0,0.0,*,*,N,*
1451370,동순라길(종묘) 관광버스전용 주차장(시),종로구 인의동 107-1,NS,노상 주차장,4,버스전용 주차장,02-2290-6449,1,현재~20분이내 연계데이터 존재(현재 주차대수 표현),1.0,1.0,2025-06-02 16:56:02,N,무료,N,야간 미개방,0000,0000,0000,0000,0000,0000,Y,유료,Y,유료,0,1111015700003,0.0,0.0,0.0,0.0,0.0,0.0,0.0,0.0,0.0,*,*,N,*
1451938,청계1(북) 공영주차장(시),종로구 관철동 13-14,NS,노상 주차장,1,시간제 주차장,,1,현재~20분이내 연계데이터 존재(현재 주차대수 표현),1.0,7.0,2025-06-02 16:56:32,Y,유료,N,야간 미개방,0900,1900,0900,1500,0000,0000,N,무료,Y,유료,0,1111013500003,750.0,5.0,750.0,5.0,0.0,0.0,0.0,0.0,0.0,*,*,N,*
1452019,청계5(북1) 공영주차장(시),종로구 종로5가 458-2,NS,노상 주차장,1,시간제 주차장,,1,현재~20분이내 연계데이터 존재(현재 주차대수 표현),1.0,6.0,2025-06-02 16:56:35,Y,유료,N,야간 미개방,0900,1900,0900,1500,0000,0000,N,무료,Y,유료,0,1111016300002,750.0,5.0,750.0,5.0,0.0,0.0,0.0,0.0,0.0,*,*,N,*
1452024,청계5(동호로_북) 공영주차장(시),종로구 종로5가 458-2,NS,노상 주차장,1,시간제 주차장,,1,현재~20분이내 연계데이터 존재(현재 주차대수 표현),1.0,2.0,2025-06-02 16:56:34,Y,유료,N,야간 미개방,0900,0100,0900,1500,0000,0000,N,무료,Y,유료,0,1111016300001,750.0,5.0,750.0,5.0,0.0,0.0,0.0,0.0,0.0,*,*,N,*
1452025,청계3(창경궁로_북1) 공영주차장(시),종로구 예지동 140-1,NS,노상 주차장,1,시간제 주차장,,1,현재~20분이내 연계데이터 존재(현재 주차대수 표현),1.0,4.0,2025-06-02 16:56:33,Y,유료,N,야간 미개방,0900,1900,0900,1500,0000,0000,N,무료,Y,유료,0,1111015800001,750.0,5.0,750.0,5.0,0.0,0.0,0.0,0.0,0.0,*,*,N,*
1452219,청계2(돈화문로) 공영주차장(시),종로구 관수동 91-4,NS,노상 주차장,1,시간제 주차장,,0,미연계중,1.0,0.0,2024-01-12 18:14:07,Y,유료,N,야간 미개방,0900,1900,0900,1500,0000,0000,N,무료,Y,유료,0,1111015500004,750.0,5.0,750.0,5.0,0.0,0.0,0.0,0.0,0.0,*,*,N,*
1452263,사직로3 관광버스 주차허용 구간(시),종로구 사직동 240-0 (한국갤럽 앞 ~ 풍림스페이스본 버스정류장 전),NS,노상 주차장,4,버스전용 주차장,02)2133-2357,0,미연계중,1.0,0.0,,N,무료,N,야간 미개방,0000,0000,0000,0000,0000,0000,Y,유료,Y,유료,0,1111011500005,0.0,0.0,0.0,0.0,0.0,0.0,0.0,0.0,0.0,*,*,N,*
1452264,창의문로 관광버스 주차허용 구간(시),종로구 청운동 15-57 (벽산빌리지 9동 앞 ~ 청운중학교 100m 앞),NS,노상 주차장,4,버스전용 주차장,02-2133-2357,0,미연계중,1.0,0.0,,N,무료,N,야간 미개방,0000,0000,0000,0000,0000,0000,Y,유료,Y,유료,0,1111010100001,0.0,0.0,0.0,0.0,0.0,0.0,0.0,0.0,0.0,*,*,N,*
1452323,사직로1 관광버스 주차허용 구간(시),종로구 내자동 35-0 내자동 54(치과의원) ~ 필운동 227(금고 앞),NS,노상 주차장,4,버스전용 주차장,02)2133-2357,0,미연계중,1.0,0.0,,N,무료,N,야간 미개방,0000,0000,0000,0000,0000,0000,Y,유료,Y,유료,0,1111011400001,0.0,0.0,0.0,0.0,0.0,0.0,0.0,0.0,0.0,*,*,N,*
1452337,관철동 공영주차장(시),종로구 관철동 13-14,NS,노상 주차장,1,시간제 주차장,02-738-0909,1,현재~20분이내 연계데이터 존재(현재 주차대수 표현),1.0,3.0,2025-06-02 16:56:36,Y,유료,N,야간 미개방,0900,2200,0900,1400,0000,0000,N,무료,Y,유료,0,1111013500002,430.0,5.0,430.0,5.0,0.0,0.0,0.0,0.0,0.0,*,*,N,*
1452441,청계6(북) 공영주차장(시),종로구 종로6가 289-49,NS,노상 주차장,1,시간제 주차장,,1,현재~20분이내 연계데이터 존재(현재 주차대수 표현),1.0,4.0,2025-06-02 16:56:35,Y,유료,N,야간 미개방,0900,0100,0900,1500,0000,0000,N,무료,Y,유료,0,1111016400024,450.0,5.0,450.0,5.0,0.0,0.0,0.0,0.0,0.0,*,*,N,*
1452721,청계2(북1) 공영주차장(시),종로구 관수동 91-4,NS,노상 주차장,1,시간제 주차장,,1,현재~20분이내 연계데이터 존재(현재 주차대수 표현),1.0,5.0,2025-06-02 16:56:33,Y,유료,N,야간 미개방,0900,1900,0900,1500,0000,0000,N,무료,Y,유료,0,1111015500002,750.0,5.0,750.0,5.0,0.0,0.0,0.0,0.0,0.0,*,*,N,*
1452740,창경궁로1 관광버스 주차허용 구간(시),종로구 와룡동 2-86 (창경궁주차장~홍화문),NS,노상 주차장,4,버스전용 주차장,02)2133-2357,0,미연계중,1.0,0.0,,N,무료,N,야간 미개방,0000,0000,0000,0000,0000,0000,Y,유료,Y,유료,0,1111013000005,0.0,0.0,0.0,0.0,0.0,0.0,0.0,0.0,0.0,*,*,N,*
1452743,사직로2 관광버스 주차허용 구간(시),종로구 내자동 131-0 내자동136(사직이용원) ~ 내자동75-4(가로등),NS,노상 주차장,4,버스전용 주차장,02)2133-2357,0,미연계중,1.0,0.0,,N,무료,N,야간 미개방,0000,0000,0000,0000,0000,0000,Y,유료,Y,유료,0,1111011400003,0.0,0.0,0.0,0.0,0.0,0.0,0.0,0.0,0.0,*,*,N,*
1453742,당고개위 공영주차장(시),노원구 상계동 111-568,NS,노상 주차장,1,시간제 주차장,,1,현재~20분이내 연계데이터 존재(현재 주차대수 표현),1.0,6.0,2025-06-02 16:56:31,Y,유료,N,야간 미개방,0900,2200,0900,2200,0900,2200,N,무료,N,무료,0,1135010500056,260.0,5.0,260.0,5.0,0.0,0.0,0.0,0.0,0.0,*,*,N,*
1475224,성내역(잠실나루역) 공영주차장(시),송파구 신천동 11-1,NS,노상 주차장,1,시간제 주차장,,1,현재~20분이내 연계데이터 존재(현재 주차대수 표현),1.0,19.0,2025-06-02 16:55:59,Y,유료,N,야간 미개방,0900,1800,0900,1500,0000,0000,N,무료,Y,유료,,1171010200007,250.0,5.0,250.0,5.0,0.0,0.0,0.0,0.0,0.0,*,*,N,*
1477337,동작대교(위) 공영주차장(시),동작구 동작동 316-3,NS,노상 주차장,1,시간제 주차장,,1,현재~20분이내 연계데이터 존재(현재 주차대수 표현),1.0,10.0,2025-06-02 16:56:37,Y,유료,N,야간 미개방,1300,2200,1300,2200,1300,2200,N,무료,N,무료,0,1159010600002,260.0,5.0,260.0,5.0,0.0,0.0,0.0,0.0,0.0,*,*,N,*
1496216,압구정고가1 공영주차장(시),강남구 신사동 668-0,NS,노상 주차장,1,시간제 주차장,,1,현재~20분이내 연계데이터 존재(현재 주차대수 표현),1.0,2.0,2025-06-02 16:56:38,Y,유료,N,야간 미개방,0800,2100,0900,2100,0900,2100,N,무료,N,무료,0,1168010700019,500.0,5.0,500.0,5.0,0.0,0.0,0.0,0.0,0.0,*,*,N,*
1496233,동호대교(남) 공영주차장(시),강남구 압구정동 435-0,NS,노상 주차장,1,시간제 주차장,,1,현재~20분이내 연계데이터 존재(현재 주차대수 표현),1.0,16.0,2025-06-02 16:56:39,Y,유료,N,야간 미개방,0900,1900,0900,1900,0000,0000,N,무료,Y,유료,70000,1168011000004,170.0,5.0,170.0,5.0,0.0,0.0,0.0,0.0,0.0,*,*,N,*
1496373,압구정고가2 공영주차장(시),강남구 신사동 668-0,NS,노상 주차장,1,시간제 주차장,,1,현재~20분이내 연계데이터 존재(현재 주차대수 표현),1.0,3.0,2025-06-02 16:56:39,Y,유료,N,야간 미개방,0900,2000,0900,2100,0900,2100,N,무료,N,무료,0,1168010700062,500.0,5.0,500.0,5.0,0.0,0.0,0.0,0.0,0.0,*,*,N,*
1499707,대림역2 공영주차장(시),구로구 구로동 73-9,NS,노상 주차장,1,시간제 주차장,,1,현재~20분이내 연계데이터 존재(현재 주차대수 표현),1.0,19.0,2025-06-02 16:56:36,Y,유료,N,야간 미개방,0900,1900,0900,1500,0000,0000,N,무료,Y,유료,0,1153010200069,260.0,5.0,260.0,5.0,0.0,0.0,0.0,0.0,0.0,*,*,N,*
1499736,제방도로 공영주차장(시),구로구 구로동 69-5,NS,노상 주차장,1,시간제 주차장,,0,미연계중,1.0,0.0,2024-02-20 18:29:07,Y,유료,N,야간 미개방,0900,1900,0900,1500,0000,0000,N,무료,Y,유료,0,1153010200044,120.0,5.0,120.0,5.0,0.0,0.0,0.0,0.0,0.0,*,*,N,*
1504809,방화로 공영주차장(시),강서구 공항동 796-0,NS,노상 주차장,1,시간제 주차장,,0,미연계중,1.0,0.0,,Y,유료,N,야간 미개방,0900,1800,0000,0000,0000,0000,Y,유료,Y,유료,0,1150010800001,120.0,5.0,120.0,5.0,0.0,0.0,0.0,0.0,0.0,*,*,N,*
1509662,청계5(동호로_남) 공영주차장(시),중구 방산동 4-47 0,NS,노상 주차장,1,시간제 주차장,,1,현재~20분이내 연계데이터 존재(현재 주차대수 표현),1.0,3.0,2025-06-02 16:56:34,Y,유료,N,야간 미개방,0900,1900,0900,1500,0000,0000,N,무료,Y,유료,0,1114015300214,750.0,5.0,750.0,5.0,0.0,0.0,0.0,0.0,0.0,*,*,N,*
1509853,청계3(창경궁로_남) 공영주차장(시),중구 주교동 123-1 0,NS,노상 주차장,1,시간제 주차장,,1,현재~20분이내 연계데이터 존재(현재 주차대수 표현),1.0,8.0,2025-06-02 16:56:33,Y,유료,N,야간 미개방,0900,1900,0900,1500,0000,0000,N,무료,Y,유료,0,1114015200210,750.0,5.0,750.0,5.0,0.0,0.0,0.0,0.0,0.0,*,*,N,*
1509989,성산로 관광버스 주차허용 구간(시),마포구 성산동 117-1,NS,노상 주차장,4,버스전용 주차장,02)2133-2357,0,미연계중,1.0,0.0,,N,무료,N,야간 미개방,0000,0000,0000,0000,0000,0000,Y,유료,Y,유료,0,1144012500001,0.0,0.0,0.0,0.0,0.0,0.0,0.0,0.0,0.0,*,*,N,*
1510016,청계5(남) 공영주차장(시),중구 을지로6가 17-442 0,NS,노상 주차장,1,시간제 주차장,,0,미연계중,1.0,0.0,2024-10-15 13:06:15,Y,유료,N,야간 미개방,0900,1900,0900,1500,0000,0000,N,무료,Y,유료,0,1114014800218,750.0,5.0,750.0,5.0,0.0,0.0,0.0,0.0,0.0,*,*,N,*
1510063,청계5가 공영주차장(시),중구 을지로6가 17-442 0,NS,노상 주차장,1,시간제 주차장,02-2265-3531,0,미연계중,1.0,0.0,2024-10-15 13:06:22,Y,유료,N,야간 미개방,0900,1900,0900,1500,0000,0000,N,무료,Y,유료,0,1114014800220,750.0,5.0,750.0,5.0,0.0,0.0,0.0,0.0,0.0,*,*,N,*
1510350,청계6(신평화시장앞) 공영주차장(시),중구 신당동 217-91 0,NS,노상 주차장,1,시간제 주차장,,1,현재~20분이내 연계데이터 존재(현재 주차대수 표현),1.0,3.0,2025-06-02 16:56:34,Y,유료,N,야간 미개방,0900,1900,0900,1500,0000,0000,N,무료,Y,유료,0,1114016200219,450.0,5.0,450.0,5.0,0.0,0.0,0.0,0.0,0.0,*,*,N,*
1510496,청계6(동평화) 공영주차장(시),중구 신당동 217-91 0,NS,노상 주차장,1,시간제 주차장,,1,현재~20분이내 연계데이터 존재(현재 주차대수 표현),1.0,4.0,2025-06-02 16:56:00,Y,유료,N,야간 미개방,0900,0100,0900,1500,0000,0000,N,무료,Y,유료,0,1114016200218,450.0,5.0,450.0,5.0,0.0,0.0,0.0,0.0,0.0,*,*,N,*
1510632,청계5(방산동) 공영주차장(시),중구 방산동 52-1,NS,노상 주차장,1,시간제 주차장,,0,미연계중,1.0,0.0,2024-10-15 13:06:16,Y,유료,N,야간 미개방,0900,0100,0900,1500,0000,0000,N,무료,Y,유료,0,1114015300219,750.0,5.0,750.0,5.0,0.0,0.0,0.0,0.0,0.0,*,*,N,*
1511346,남대문시장3번게이트 이륜차 주차장(시),중구 남대문로3가 13-3 0,NS,노상 주차장,6,이륜차 전용 주차장,02)3396-6262,0,미연계중,1.0,0.0,,N,무료,N,야간 미개방,0000,0000,0000,0000,0000,0000,Y,유료,Y,유료,0,1114011600203,0.0,0.0,0.0,0.0,0.0,0.0,0.0,0.0,0.0,*,*, ,*
1511365,서울스퀘어빌딩앞 이륜차 전용주차장(시),중구 남대문로5가 541-0 0,NS,노상 주차장,6,이륜차 전용 주차장,02)3396-6262,0,미연계중,1.0,0.0,,N,무료,N,야간 미개방,0000,0000,0000,0000,0000,0000,Y,유료,Y,유료,0,1114011800202,0.0,0.0,0.0,0.0,0.0,0.0,0.0,0.0,0.0,*,*, ,*
1511395,남대문시장2번게이트앞 이륜차 주차장(시),중구 남대문로4가 3-6 0,NS,노상 주차장,6,이륜차 전용 주차장,02)3396-6262,0,미연계중,1.0,0.0,,N,무료,N,야간 미개방,0000,0000,0000,0000,0000,0000,Y,유료,Y,유료,0,1114011700206,0.0,0.0,0.0,0.0,0.0,0.0,0.0,0.0,0.0,*,*, ,*
1511592,소파길노상 공영주차장(시),중구 회현동1가 1-19,NS,노상 주차장,1,시간제 주차장,,0,미연계중,1.0,0.0,2023-03-01 00:00:16,Y,유료,N,야간 미개방,0900,2100,0900,2100,0900,2100,N,무료,N,무료,0,1114012100010,330.0,5.0,330.0,5.0,0.0,0.0,0.0,0.0,0.0,*,*,N,*
1511816,마른내길 공영주차장(시),중구 인현동1가 87-10,NS,노상 주차장,1,시간제 주차장,02-2274-2009,1,현재~20분이내 연계데이터 존재(현재 주차대수 표현),1.0,12.0,2025-06-02 16:56:31,Y,유료,N,야간 미개방,0900,1900,0900,1500,0000,0000,N,무료,Y,유료,0,1114016000212,680.0,5.0,680.0,5.0,0.0,0.0,0.0,0.0,0.0,*,*,N,*
1511971,남산파출소 공영주차장(시),중구 회현동1가 1-16,NS,노상 주차장,1,시간제 주차장,,0,미연계중,1.0,0.0,2024-10-08 13:02:51,Y,유료,N,야간 미개방,0900,1900,0900,1500,0000,0000,N,무료,Y,유료,,1114012100009,330.0,5.0,330.0,5.0,0.0,0.0,0.0,0.0,0.0,*,*,N,*
1512095,남산공원 소파로 관광버스전용 주차장(시),중구 남창동 205-107,NS,노상 주차장,4,버스전용 주차장,02-2290-6449,1,현재~20분이내 연계데이터 존재(현재 주차대수 표현),1.0,13.0,2025-06-02 16:56:02,N,무료,N,야간 미개방,0000,0000,0000,0000,0000,0000,Y,유료,Y,유료,0,1114011200187,0.0,0.0,0.0,0.0,0.0,0.0,0.0,0.0,0.0,*,*,N,*
1512125,청계8가 공영주차장(시),중구 흥인동 162-1 0,NS,노상 주차장,1,시간제 주차장,,1,현재~20분이내 연계데이터 존재(현재 주차대수 표현),1.0,6.0,2025-06-02 16:56:03,Y,유료,N,야간 미개방,0900,1900,0900,1500,0000,0000,N,무료,Y,유료,0,1114016300018,500.0,5.0,500.0,5.0,0.0,0.0,0.0,0.0,0.0,*,*,N,*
1512129,청계3(동호로) 공영주차장(시),중구 방산동 4-47 0,NS,노상 주차장,1,시간제 주차장,,1,현재~20분이내 연계데이터 존재(현재 주차대수 표현),1.0,5.0,2025-06-02 16:56:34,Y,유료,N,야간 미개방,0900,1900,0900,1500,0000,0000,N,무료,Y,유료,0,1114015300217,750.0,5.0,750.0,5.0,0.0,0.0,0.0,0.0,0.0,*,*,N,*
1512161,소파로케이블카앞 관광버스전용 주차장(시),중구 회현동1가 1-15,NS,노상 주차장,4,버스전용 주차장,02-2290-6449,1,현재~20분이내 연계데이터 존재(현재 주차대수 표현),1.0,1.0,2025-06-02 16:56:02,N,무료,N,야간 미개방,0000,0000,0000,0000,0000,0000,Y,유료,Y,유료,0,1114012100202,0.0,0.0,0.0,0.0,0.0,0.0,0.0,0.0,0.0,*,*,N,*
1540689,청계8가(남) 공영주차장(시),성동구 상왕십리동 12-47,NS,노상 주차장,1,시간제 주차장,02-2274-2009,1,현재~20분이내 연계데이터 존재(현재 주차대수 표현),1.0,38.0,2025-06-02 16:56:00,Y,유료,N,야간 미개방,0900,1900,0900,1500,0000,0000,N,무료,Y,유료,0,1120010100349,450.0,5.0,450.0,5.0,0.0,0.0,0.0,0.0,0.0,*,*,N,*
1545252,문래1동 공영주차장(시),영등포구 문래동3가 54-12,NS,노상 주차장,1,시간제 주차장,,1,현재~20분이내 연계데이터 존재(현재 주차대수 표현),1.0,9.0,2025-06-02 16:56:37,Y,유료,N,야간 미개방,0900,1900,0900,1500,0000,0000,N,무료,Y,유료,,1156012100056,130.0,5.0,130.0,5.0,0.0,0.0,0.0,0.0,0.0,*,*,N,*
1545259,영등포로터리 공영주차장(시),영등포구 영등포동1가 111-1,NS,노상 주차장,1,시간제 주차장,,1,현재~20분이내 연계데이터 존재(현재 주차대수 표현),1.0,4.0,2024-10-07 10:46:59,Y,유료,N,야간 미개방,0900,1900,0900,1500,0000,0000,N,무료,Y,유료,,1156010200030,130.0,5.0,130.0,5.0,0.0,0.0,0.0,0.0,0.0,*,*,N,*
1549662,장충단로(한남광장) 관광버스전용 주차장(시),용산구 한남동 9-19,NS,노상 주차장,4,버스전용 주차장,02-2290-6449,1,현재~20분이내 연계데이터 존재(현재 주차대수 표현),1.0,1.0,2025-06-02 16:56:02,N,무료,N,야간 미개방,0000,0000,0000,0000,0000,0000,Y,유료,Y,유료,0,1117013100002,0.0,0.0,0.0,0.0,0.0,0.0,0.0,0.0,0.0,*,*,N,*
1551145,양평동(동) 공영주차장(시),영등포구 양평동5가 44-1,NS,노상 주차장,1,시간제 주차장,,0,미연계중,1.0,0.0,2024-02-20 18:29:07,Y,유료,N,야간 미개방,0900,1900,0900,1500,0000,0000,N,무료,Y,유료,0,1156012900003,130.0,5.0,130.0,5.0,0.0,0.0,0.0,0.0,0.0,*,*,N,*
1561603,여의서로 공영주차장(시),영등포구 여의도동 8-1,NS,노상 주차장,1,시간제 주차장,,1,현재~20분이내 연계데이터 존재(현재 주차대수 표현),1.0,39.0,2025-06-02 16:56:38,Y,유료,N,야간 미개방,0900,1900,0900,1500,0000,0000,N,무료,Y,유료,,1156011000122,160.0,5.0,160.0,5.0,0.0,0.0,0.0,0.0,0.0,*,*,N,*
1562029,대림역 공영주차장(시),영등포구 대림동 808-24,NS,노상 주차장,1,시간제 주차장,,1,현재~20분이내 연계데이터 존재(현재 주차대수 표현),1.0,11.0,2025-06-02 16:56:37,Y,유료,N,야간 미개방,0900,1900,0900,1500,0000,2400,N,무료,N,무료,0,1156013300113,260.0,5.0,260.0,5.0,0.0,0.0,0.0,0.0,0.0,*,*,N,*
1566690,남대문시장자유상가앞 이륜차 주차장(시),중구 남대문로3가 13-3 0,NS,노상 주차장,6,이륜차 전용 주차장,02)3396-6262,0,미연계중,1.0,0.0,,N,무료,N,야간 미개방,0000,0000,0000,0000,0000,0000,Y,유료,Y,유료,0,1114011600205,0.0,0.0,0.0,0.0,0.0,0.0,0.0,0.0,0.0,*,*, ,*
1566861,남대문시장알파문구앞 이륜차 주차장(시),중구 남대문로4가 3-6 0,NS,노상 주차장,6,이륜차 전용 주차장,02)3396-6262,0,미연계중,1.0,0.0,,N,무료,N,야간 미개방,0000,0000,0000,0000,0000,0000,Y,유료,Y,유료,0,1114011700205,0.0,0.0,0.0,0.0,0.0,0.0,0.0,0.0,0.0,*,*, ,*
1566863,남대문시장연세상가앞 이륜차 주차장(시),중구 남창동 235-1 0,NS,노상 주차장,6,이륜차 전용 주차장,02)3396-6262,0,미연계중,1.0,0.0,,N,무료,N,야간 미개방,0000,0000,0000,0000,0000,0000,Y,유료,Y,유료,0,1114011200205,0.0,0.0,0.0,0.0,0.0,0.0,0.0,0.0,0.0,*,*, ,*
1575315,남부여성발전센터 공영주차장(시),금천구 시흥동 139-2,NW,노외 주차장,1,시간제 주차장,02-1588-1054,1,현재~20분이내 연계데이터 존재(현재 주차대수 표현),128.0,103.0,2025-06-02 16:56:30,Y,유료,N,야간 미개방,0000,2400,0000,2400,0000,2400,N,무료,N,무료,80000,,120.0,5.0,120.0,5.0,0.0,0.0,0.0,0.0,8600.0,*,*,N,*
1575751,신방화역 공영주차장(시),강서구 마곡동 739-0,NW,노외 주차장,1,시간제 주차장,02-3405-4581,1,현재~20분이내 연계데이터 존재(현재 주차대수 표현),199.0,177.0,2025-06-02 16:56:30,Y,유료,N,야간 미개방,0000,2400,0000,2400,0000,2400,N,무료,N,무료,91000,,170.0,5.0,170.0,5.0,0.0,0.0,0.0,0.0,12200.0,*,*,N,*
1576126,진흥로 공영주차장(시),은평구 역촌동 41-8,NS,노상 주차장,1,시간제 주차장,,1,현재~20분이내 연계데이터 존재(현재 주차대수 표현),1.0,9.0,2025-06-02 16:56:32,Y,유료,N,야간 미개방,0900,1800,0000,0000,0000,0000,Y,유료,Y,유료,,1138010800018,200.0,5.0,200.0,5.0,0.0,0.0,0.0,0.0,0.0,*,*,N,*
1576208,온수역(남) 공영주차장(시),구로구 온수동 51-26,NS,노상 주차장,1,시간제 주차장,,1,현재~20분이내 연계데이터 존재(현재 주차대수 표현),1.0,23.0,2025-06-02 16:56:35,Y,유료,N,야간 미개방,0900,1900,0900,1500,0000,0000,N,무료,Y,유료,70000,1153011000007,170.0,5.0,170.0,5.0,0.0,0.0,0.0,0.0,0.0,*,*,N,*
1576313,옥수역 공영주차장(시),성동구 옥수동 401-1,NS,노상 주차장,1,시간제 주차장,,1,현재~20분이내 연계데이터 존재(현재 주차대수 표현),1.0,13.0,2025-06-02 16:56:00,Y,유료,N,야간 미개방,0900,1900,0900,1500,0000,0000,N,무료,Y,유료,70000,1120011300107,170.0,5.0,170.0,5.0,0.0,0.0,0.0,0.0,0.0,*,*,N,*
1576347,돈화문로 공영주차장(시),중구 을지로3가 296-24,NS,노상 주차장,1,시간제 주차장,02-2274-2009,1,현재~20분이내 연계데이터 존재(현재 주차대수 표현),1.0,19.0,2025-06-02 16:56:30,Y,유료,N,야간 미개방,0900,1900,0900,1500,0000,0000,N,무료,Y,유료,0,1114015500048,750.0,5.0,750.0,5.0,0.0,0.0,0.0,0.0,0.0,*,*,N,*
1576512,도봉로 15길 공영주차장(시),강북구 미아동 458-7,NS,노상 주차장,1,시간제 주차장,,1,현재~20분이내 연계데이터 존재(현재 주차대수 표현),1.0,11.0,2025-06-02 16:56:31,Y,유료,N,야간 미개방,0900,1800,0000,0000,0000,0000,Y,유료,Y,유료,0,1130510100001,200.0,5.0,200.0,5.0,0.0,0.0,0.0,0.0,0.0,*,*,N,*
1576530,원효대교 남단 공영주차장(시),영등포구 여의도동 5-0,NS,노상 주차장,1,시간제 주차장,,1,현재~20분이내 연계데이터 존재(현재 주차대수 표현),1.0,6.0,2025-06-02 16:56:38,Y,유료,N,야간 미개방,0000,2400,0000,2400,0000,2400,N,무료,N,무료,,1156011000135,160.0,5.0,160.0,5.0,0.0,0.0,0.0,0.0,0.0,*,*,N,*
1576703,가양라이품 공영주차장(시),강서구 가양동 1457-1,NW,노외 주차장,1,시간제 주차장,02-2290-6144,1,현재~20분이내 연계데이터 존재(현재 주차대수 표현),38.0,23.0,2025-06-02 16:56:30,Y,유료,N,야간 미개방,0000,2400,0000,2400,0000,2400,N,무료,N,무료,91000,,170.0,5.0,170.0,5.0,0.0,0.0,0.0,0.0,12200.0,*,*,N,*
1577094,마른내로 공영주차장(시),중구 오장동 69-3,NS,노상 주차장,1,시간제 주차장,02-2273-0006,1,현재~20분이내 연계데이터 존재(현재 주차대수 표현),1.0,9.0,2025-06-02 16:56:00,Y,유료,N,야간 미개방,0900,1800,0000,0000,0000,0000,Y,유료,Y,유료,0,1114015400221,620.0,5.0,620.0,5.0,0.0,0.0,0.0,0.0,0.0,*,*,N,*
1582612,창경궁로2 관광버스 주차허용 구간(시),종로구 와룡동 2-86 (홍화문~선인문),NS,노상 주차장,4,버스전용 주차장,02)2133-2357,0,미연계중,1.0,0.0,,N,무료,N,야간 미개방,0000,0000,0000,0000,0000,0000,Y,유료,Y,유료,0,1111013000099,0.0,0.0,0.0,0.0,0.0,0.0,0.0,0.0,0.0,*,*,N,*
1582627,APM플레이스 앞 관광버스 주차허용 구간(시),중구 을지로7가 112-3,NS,노상 주차장,4,버스전용 주차장,02)2133-2357,0,미연계중,1.0,0.0,,N,무료,N,야간 미개방,0000,0000,0000,0000,0000,0000,Y,유료,Y,유료,0,1114014900001,0.0,0.0,0.0,0.0,0.0,0.0,0.0,0.0,0.0,*,*,N,*
1582645,세종대로3 관광버스 승하차 허용 구간(시),중구 태평로2가 113-1 (신협 ~ 세븐일레븐),NS,노상 주차장,4,버스전용 주차장,02)2133-2357,0,미연계중,1.0,0.0,,N,무료,N,야간 미개방,0000,0000,0000,0000,0000,0000,Y,유료,Y,유료,0,1114011400002,0.0,0.0,0.0,0.0,0.0,0.0,0.0,0.0,0.0,*,*,N,*
1582666,토정로 관광버스 주차허용 구간(시),마포구 합정동 5-12,NS,노상 주차장,4,버스전용 주차장,02)2133-2357,0,미연계중,1.0,0.0,,N,무료,N,야간 미개방,0000,0000,0000,0000,0000,0000,Y,유료,Y,유료,0,1144012200002,0.0,0.0,0.0,0.0,0.0,0.0,0.0,0.0,0.0,*,*,N,*
1582684,모래내로 관광버스 주차허용 구간(시),서대문구 남가좌동 318-11,NS,노상 주차장,4,버스전용 주차장,02)2133-2357,0,미연계중,1.0,0.0,,N,무료,N,야간 미개방,0000,0000,0000,0000,0000,0000,Y,유료,Y,유료,0,1141012000001,0.0,0.0,0.0,0.0,0.0,0.0,0.0,0.0,0.0,*,*,N,*
1583447,청계8가(북) 공영주차장(시),동대문구 신설동 109-2,NS,노상 주차장,1,시간제 주차장,02-2274-2009,1,현재~20분이내 연계데이터 존재(현재 주차대수 표현),1.0,20.0,2025-06-02 16:56:30,Y,유료,N,야간 미개방,0900,1900,0900,1500,0000,0000,N,무료,Y,유료,0,1123010100002,450.0,5.0,450.0,5.0,0.0,0.0,0.0,0.0,0.0,*,*,N,*
1583862,보라매상업 공영주차장(시),동작구 신대방동 431-3,NW,노외 주차장,1,시간제 주차장,,1,현재~20분이내 연계데이터 존재(현재 주차대수 표현),58.0,63.0,2025-06-02 16:56:30,Y,유료,N,야간 미개방,0900,2100,0900,2100,0900,2100,N,무료,N,무료,162000,,220.0,5.0,220.0,5.0,0.0,0.0,0.0,0.0,15800.0,*,*,N,*
1584724,세종대로1 관광버스 승하차 허용 구간(시),중구 태평로1가 60-22 (코리아나호텔 주차장 입구 ~ 시의회 앞),NS,노상 주차장,4,버스전용 주차장,02)2133-2357,0,미연계중,1.0,0.0,,N,무료,N,야간 미개방,0000,0000,0000,0000,0000,0000,Y,유료,Y,유료,0,1114010300014,0.0,0.0,0.0,0.0,0.0,0.0,0.0,0.0,0.0,*,*,N,*
1584731,세종대로2 관광버스 승하차 허용 구간(시),중구 정동 5-5 (정동 5-5(시청역 2번 출구 앞),NS,노상 주차장,4,버스전용 주차장,02)2133-2357,0,미연계중,1.0,0.0,,N,무료,N,야간 미개방,0000,0000,0000,0000,0000,0000,Y,유료,Y,유료,0,1114016700005,0.0,0.0,0.0,0.0,0.0,0.0,0.0,0.0,0.0,*,*,N,*
1585237,영동6교밑 공영주차장(시),강남구 대치동 512-1,NS,노상 주차장,1,시간제 주차장,,1,현재~20분이내 연계데이터 존재(현재 주차대수 표현),1.0,21.0,2025-06-02 16:56:39,Y,유료,N,야간 미개방,0900,1900,0900,1700,0900,1700,N,무료,N,무료,0,1168010600031,260.0,5.0,260.0,5.0,0.0,0.0,0.0,0.0,0.0,*,*,N,*
1586294,배오개길 공영주차장(시),중구 예관동 22-1,NS,노상 주차장,1,시간제 주차장,02-2274-2009,1,현재~20분이내 연계데이터 존재(현재 주차대수 표현),1.0,11.0,2025-06-02 16:56:31,Y,유료,N,야간 미개방,0900,1900,0900,1500,0000,0000,N,무료,Y,유료,,1114013500212,680.0,5.0,680.0,5.0,0.0,0.0,0.0,0.0,0.0,*,*,N,*
1588341,신월4동 공영주차장(시),양천구 신월동 411-1,NW,노외 주차장,1,시간제 주차장,02-2290-6311,1,현재~20분이내 연계데이터 존재(현재 주차대수 표현),46.0,14.0,2025-06-02 16:56:30,Y,유료,N,야간 미개방,0000,2400,0000,2400,0000,2400,N,무료,N,무료,80000,,120.0,5.0,120.0,5.0,0.0,0.0,0.0,0.0,8600.0,*,*,N,*
1594991,삼각지고가밑 공영주차장(시),용산구 문배동 12-1,NS,노상 주차장,1,시간제 주차장,,1,현재~20분이내 연계데이터 존재(현재 주차대수 표현),1.0,7.0,2025-06-02 16:56:30,Y,유료,N,야간 미개방,0900,1900,0900,1500,0000,0000,N,무료,Y,유료,0,1117012200001,250.0,5.0,250.0,5.0,0.0,0.0,0.0,0.0,0.0,*,*,N,*
1912211,남산소파길 공영주차장(시),중구 예장동 8-172,NS,노상 주차장,1,시간제 주차장,,0,미연계중,1.0,0.0,,Y,유료,N,야간 미개방,0900,2100,0900,2100,0900,2100,N,무료,N,무료,0,1114014200010,250.0,5.0,250.0,5.0,0.0,0.0,0.0,0.0,0.0,*,*,N,*
1913385,남산예장 관광버스전용 주차장(시),중구 예장동 4-1,NW,노외 주차장,4,버스전용 주차장,02-2290-7227,1,현재~20분이내 연계데이터 존재(현재 주차대수 표현),39.0,14.0,2025-06-02 16:56:30,Y,유료,N,야간 미개방,0600,2400,0600,2400,0600,2400,N,무료,N,무료,0,,6000.0,120.0,500.0,5.0,6000.0,120.0,500.0,5.0,0.0,*,*,N,*
1913393,장안1동 공영주차장(시),동대문구 장안동 392-3,NW,노외 주차장,1,시간제 주차장,02-3405-4598,1,현재~20분이내 연계데이터 존재(현재 주차대수 표현),71.0,61.0,2025-06-02 16:56:30,Y,유료,N,야간 미개방,0000,2400,0000,2400,0000,2400,N,무료,N,무료,90000,,130.0,5.0,130.0,5.0,0.0,0.0,0.0,0.0,9300.0,*,*,N,*
1913415,면목유수지 공영주차장(시),중랑구 면목동 168-2,NW,노외 주차장,1,시간제 주차장,,0,미연계중,567.0,0.0,,Y,유료,N,야간 미개방,0000,2400,0000,2400,0000,2400,N,무료,N,무료,0,,100.0,5.0,100.0,5.0,0.0,0.0,0.0,0.0,0.0,*,*,N,*
1913605,훈련원공원 앞 관광버스 전용 주차장(시),중구 을지로5가 40-2,NS,노상 주차장,4,버스전용 주차장,,0,미연계중,1.0,0.0,,N,무료,N,야간 미개방,0000,0000,0000,0000,0000,0000,Y,유료,Y,유료,0,1114015100001,0.0,0.0,0.0,0.0,0.0,0.0,0.0,0.0,0.0,*,*,N,*
1913613,DDP 유어스빌딩 앞 관광버스 주차허용 구간(시),중구 신당동 204-92,NS,노상 주차장,4,버스전용 주차장,,0,미연계중,1.0,0.0,,N,무료,N,야간 미개방,0000,0000,0000,0000,0000,0000,Y,유료,Y,유료,0,1114016200006,0.0,0.0,0.0,0.0,0.0,0.0,0.0,0.0,0.0,*,*,N,*
1913615,성촌공원 남측 관광버스 주차허용 구간(시),용산구 이촌동 173-1,NS,노상 주차장,4,버스전용 주차장,,0,미연계중,1.0,0.0,,N,무료,N,야간 미개방,0000,0000,0000,0000,0000,0000,Y,유료,Y,유료,,1117012900003,0.0,0.0,0.0,0.0,0.0,0.0,0.0,0.0,0.0,*,*,N,*
1913619,성암로 관광버스 주차허용 구간(시),마포구 상암동 1695-0,NS,노상 주차장,4,버스전용 주차장,,0,미연계중,1.0,0.0,,N,무료,N,야간 미개방,0000,0000,0000,0000,0000,0000,Y,유료,Y,유료,0,1144012700061,0.0,0.0,0.0,0.0,0.0,0.0,0.0,0.0,0.0,*,*,N,*
1913626,이태원 입구 관광버스 승하차 허용 구간(시),용산구 이태원동 56-4,NS,노상 주차장,4,버스전용 주차장,,0,미연계중,1.0,0.0,,N,무료,N,야간 미개방,0000,0000,0000,0000,0000,0000,Y,유료,Y,유료,,1117013000141,0.0,0.0,0.0,0.0,0.0,0.0,0.0,0.0,0.0,*,*,N,*
1913645,신세계면세점 명동점 앞 관광버스 승하차 허용 구간(시),중구 충무로1가 52-47 (신세계면세점 명동점 옆),NS,노상 주차장,4,버스전용 주차장,,0,미연계중,1.0,0.0,,N,무료,N,야간 미개방,0000,0000,0000,0000,0000,0000,Y,유료,Y,유료,,1114012400001,0.0,0.0,0.0,0.0,0.0,0.0,0.0,0.0,0.0,*,*,N,*
1915134,효자로 관광버스 주차허용 구간(시),종로구 궁정동 15-0 (청운효자동 주민센터 ~ 무궁화동산 앞),NS,노상 주차장,4,버스전용 주차장,02-2133-2357,0,미연계중,1.0,0.0,,N,무료,N,야간 미개방,0000,0000,0000,0000,0000,0000,Y,유료,Y,유료,0,1111010300001,0.0,0.0,0.0,0.0,0.0,0.0,0.0,0.0,0.0,*,*,N,*
1915194,여의도공원 공영주차장(시),영등포구 여의도동 2-11,NS,노상 주차장,1,시간제 주차장,,0,미연계중,1.0,0.0,,Y,유료,N,야간 미개방,0900,1900,0900,1500,0000,0000,N,무료,Y,유료,0,1156011000081,300.0,5.0,300.0,5.0,0.0,0.0,0.0,0.0,0.0,*,*,N,*
2872802,유료주차장(시),성동구 성수동2가 273-15,NW,노외 주차장,1,시간제 주차장,,0,미연계중,19.0,0.0,,Y,유료,N,야간 미개방,0000,2400,0000,2400,0000,2400,N,무료,N,무료,,,500.0,10.0,0.0,0.0,0.0,0.0,0.0,0.0,0.0,*,*,N,*
2904721,일원터널(시),강남구 일원동 722-1,NW,노외 주차장,1,시간제 주차장,02-2290-6449,0,미연계중,11.0,0.0,,Y,유료,N,야간 미개방,0000,2400,0000,2400,0000,2400,N,무료,N,무료,70000,,130.0,5.0,130.0,5.0,0.0,0.0,0.0,0.0,0.0,*,*,N,*
2909030,마장동 공영주차장(시),성동구 마장동 459-6,NW,노외 주차장,1,시간제 주차장,02-2290-6449,0,미연계중,10.0,0.0,,Y,유료,N,야간 미개방,0000,2400,0000,2400,0000,2400,N,무료,N,무료,80000,,120.0,5.0,120.0,5.0,0.0,0.0,0.0,0.0,0.0,*,*,N,*
2983079,난지중앙로노상공영주차장(시),마포구 상암동 481-94 ,NS,노상 주차장,1,시간제 주차장,,0,미연계중,1.0,0.0,,Y,유료,N,야간 미개방,0900,2200,0900,2200,0900,2200,N,무료,N,무료,,1144012700003,150.0,5.0,150.0,5.0,0.0,0.0,0.0,0.0,0.0,*,*,N,*
2988461,목동노외 공영주차장(시),양천구 목동 905-32,NW,노외 주차장,1,시간제 주차장,02-2664-1386,0,미연계중,48.0,0.0,,Y,유료,N,야간 미개방,0900,1900,0900,1500,0000,0000,N,무료,Y,유료,100000,,150.0,5.0,150.0,5.0,0.0,0.0,0.0,0.0,12000.0,*,*,N,*
3009241,방화우체국(시),강서구 방화동 824-0,NW,노외 주차장,1,시간제 주차장,,0,미연계중,18.0,0.0,,N,무료,N,야간 미개방,0000,0000,0000,0000,0000,0000,Y,유료,Y,유료,0,,0.0,0.0,0.0,0.0,0.0,0.0,0.0,0.0,0.0,*,*,N,*
3039787,화양동공영주차장(시),광진구 화양동 63-2,NW,노외 주차장,1,시간제 주차장,02-469-2939,0,미연계중,44.0,0.0,,Y,유료,N,야간 미개방,0000,2400,0000,2400,0000,2400,N,무료,N,무료,100000,,200.0,5.0,200.0,5.0,0.0,0.0,0.0,0.0,0.0,*,*,N,*
3068926,반포한강공원  반포2주차장(시),서초구 반포동 115-5,NW,노외 주차장,1,시간제 주차장,,0,미연계중,315.0,0.0,,Y,유료,N,야간 미개방,0600,2400,0600,2400,0600,2400,N,무료,N,무료,,,1000.0,30.0,200.0,10.0,0.0,0.0,0.0,0.0,0.0,*,*,N,*
3077801,성균관 유림회관(시),종로구 명륜3가 53-0,NW,노외 주차장,1,시간제 주차장,,0,미연계중,40.0,0.0,,Y,유료,N,야간 미개방,0000,0000,0000,0000,0000,0000,Y,유료,Y,유료,,,1500.0,30.0,0.0,0.0,0.0,0.0,0.0,0.0,0.0,*,*,N,*
3187200,반포천 공영주차장(파미에)(시),서초구 반포동 118-3,NW,노외 주차장,1,시간제 주차장,02-6282-0550,1,현재~20분이내 연계데이터 존재(현재 주차대수 표현),1186.0,255.0,2025-06-02 16:56:30,Y,유료,N,야간 미개방,0000,2400,0000,2400,0000,2400,N,무료,N,무료,140000,,440.0,5.0,440.0,5.0,0.0,0.0,0.0,0.0,31600.0,*,*,N,*
3204473,중림종합복지센터 부설주차장(구_중림(제5))(시),중구 중림동 155-1,NW,노외 주차장,1,시간제 주차장,02-2280-8446,0,미연계중,95.0,0.0,,Y,유료,N,야간 미개방,0000,2400,0000,2400,0000,2400,N,무료,N,무료,140000,,250.0,5.0,250.0,5.0,0.0,0.0,0.0,0.0,0.0,*,*,N,*
3204489,남산파출소공영주차장(시),중구 회현동1가 1-16,NW,노외 주차장,1,시간제 주차장,,0,미연계중,13.0,0.0,,Y,유료,N,야간 미개방,0900,2100,0900,2100,0900,2100,N,무료,N,무료,0,,330.0,5.0,330.0,5.0,0.0,0.0,0.0,0.0,0.0,*,*,N,*
3210880,용산구 한강로2가 2-39(시),용산구 한강로2가 2-39,NW,노외 주차장,1,시간제 주차장,,0,미연계중,12.0,0.0,,Y,유료,N,야간 미개방,0000,2400,0000,2400,0000,2400,N,무료,N,무료,,,4000.0,60.0,4000.0,60.0,0.0,0.0,0.0,0.0,0.0,*,*,N,*
3246229,삼성유료주차장(시),강남구 신사동 625-13,NW,노외 주차장,1,시간제 주차장,,0,미연계중,20.0,0.0,,Y,유료,N,야간 미개방,1000,2200,1000,2200,1000,2200,N,무료,N,무료,,,3000.0,30.0,1000.0,10.0,0.0,0.0,0.0,0.0,30000.0,*,*,N,*
3246676,서울암사동유적 주차장(시),강동구 암사동 139-2,NW,노외 주차장,1,시간제 주차장,,0,미연계중,108.0,0.0,,Y,유료,N,야간 미개방,0900,1800,0900,1800,0900,1800,N,무료,N,무료,,,1000.0,540.0,1000.0,540.0,0.0,0.0,0.0,0.0,0.0,*,*,N,*
3246845,test(시),강서구 방화동 845-0,NW,노외 주차장,1,시간제 주차장,,0,미연계중,123.0,0.0,,Y,유료,N,야간 미개방,0000,1900,0000,0000,0000,0000,Y,유료,Y,유료,,,1.0,1.0,0.0,0.0,0.0,0.0,0.0,0.0,0.0,*,*,N,*
3246959,중곡1동 공영주차장(시),광진구 중곡동 230-12,NW,노외 주차장,1,시간제 주차장,02-3405-4530,1,현재~20분이내 연계데이터 존재(현재 주차대수 표현),132.0,43.0,2025-06-02 16:56:30,Y,유료,N,야간 미개방,0000,2400,0000,2400,0000,2400,N,무료,N,무료,144000,,200.0,5.0,200.0,5.0,0.0,0.0,0.0,0.0,14400.0,*,*,N,*
3247099,구로2동 소공원 공영주차장(시),구로구 구로동 454-1,NW,노외 주차장,1,시간제 주차장,02-839-4875,0,미연계중,104.0,0.0,,Y,유료,N,야간 미개방,0000,2400,0000,2400,0000,2400,N,무료,N,무료,,,150.0,5.0,150.0,5.0,0.0,0.0,0.0,0.0,0.0,*,*,N,*
3247178,성북동길 공영주차장(시),성북구 성북동 237-3,NW,노외 주차장,1,시간제 주차장,,0,미연계중,26.0,0.0,,Y,유료,N,야간 미개방,0000,0000,0000,0000,0000,0000,Y,유료,Y,유료,,,150.0,5.0,0.0,0.0,0.0,0.0,0.0,0.0,0.0,*,*,N,*
3247265,강남구 개포동 1-1(시),강남구 개포동 1-1,NW,노외 주차장,1,시간제 주차장,02-test,0,미연계중,1.0,0.0,,N,무료,N,야간 미개방,0000,0000,0000,0000,0000,0000,Y,유료,Y,유료,,,0.0,0.0,0.0,0.0,0.0,0.0,0.0,0.0,0.0,*,*,N,*
